No#,Title,Job Url,Location
2,Marketing Analyst - Hybrid - Remote | WFH,https://www.linkedin.com/jobs/view/3696830944/?eBP=JOB_SEARCH_ORGANIC&refId=9kp5MDPSEvtdaXmLFjMJLg%3D%3D&trackingId=mT%2BuOcx3rJ31otUzsX9rIA%3D%3D&trk=flagship3_search_srp_jobs,"Peoria, IL (Remote)"
3,Sr. Salesforce&Business Systems Analyst,https://www.linkedin.com/jobs/view/3696886638/?eBP=JOB_SEARCH_ORGANIC&refId=9kp5MDPSEvtdaXmLFjMJLg%3D%3D&trackingId=x6yJbayM1Nmb29OAyc8Ogg%3D%3D&trk=flagship3_search_srp_jobs,"New York, NY (Remote)"
4,Marketing Analyst - Hybrid - Remote | WFH,https://www.linkedin.com/jobs/view/3696830944/?eBP=JOB_SEARCH_ORGANIC&refId=9kp5MDPSEvtdaXmLFjMJLg%3D%3D&trackingId=mT%2BuOcx3rJ31otUzsX9rIA%3D%3D&trk=flagship3_search_srp_jobs,"Peoria, IL (Remote)"
5,Sr. Salesforce&Business Systems Analyst,https://www.linkedin.com/jobs/view/3696886638/?eBP=JOB_SEARCH_ORGANIC&refId=9kp5MDPSEvtdaXmLFjMJLg%3D%3D&trackingId=x6yJbayM1Nmb29OAyc8Ogg%3D%3D&trk=flagship3_search_srp_jobs,"New York, NY (Remote)"
6,Demand Generation Manager - Remote | WFH,https://www.linkedin.com/jobs/view/3696863826/?eBP=JOB_SEARCH_ORGANIC&refId=9kp5MDPSEvtdaXmLFjMJLg%3D%3D&trackingId=vgwesZJHG2woMVDrkwQHVA%3D%3D&trk=flagship3_search_srp_jobs,"San Francisco, CA (Remote)"
7,Marketing Analyst - Hybrid - Remote | WFH,https://www.linkedin.com/jobs/view/3696830944/?eBP=JOB_SEARCH_ORGANIC&refId=9kp5MDPSEvtdaXmLFjMJLg%3D%3D&trackingId=mT%2BuOcx3rJ31otUzsX9rIA%3D%3D&trk=flagship3_search_srp_jobs,"Peoria, IL (Remote)"
8,Sr. Salesforce&Business Systems Analyst,https://www.linkedin.com/jobs/view/3696886638/?eBP=JOB_SEARCH_ORGANIC&refId=9kp5MDPSEvtdaXmLFjMJLg%3D%3D&trackingId=x6yJbayM1Nmb29OAyc8Ogg%3D%3D&trk=flagship3_search_srp_jobs,"New York, NY (Remote)"
9,Demand Generation Manager - Remote | WFH,https://www.linkedin.com/jobs/view/3696863826/?eBP=JOB_SEARCH_ORGANIC&refId=9kp5MDPSEvtdaXmLFjMJLg%3D%3D&trackingId=vgwesZJHG2woMVDrkwQHVA%3D%3D&trk=flagship3_search_srp_jobs,"San Francisco, CA (Remote)"
10,Senior Software Engineer -  Remote | WFH,https://www.linkedin.com/jobs/view/3696865416/?eBP=JOB_SEARCH_ORGANIC&refId=9kp5MDPSEvtdaXmLFjMJLg%3D%3D&trackingId=tq5dfL%2BDHdtvFXCNkZkuDA%3D%3D&trk=flagship3_search_srp_jobs,"Dallas, TX (Remote)"
11,Marketing Analyst - Hybrid - Remote | WFH,https://www.linkedin.com/jobs/view/3696830944/?eBP=JOB_SEARCH_ORGANIC&refId=9kp5MDPSEvtdaXmLFjMJLg%3D%3D&trackingId=mT%2BuOcx3rJ31otUzsX9rIA%3D%3D&trk=flagship3_search_srp_jobs,"Peoria, IL (Remote)"
12,Sr. Salesforce&Business Systems Analyst,https://www.linkedin.com/jobs/view/3696886638/?eBP=JOB_SEARCH_ORGANIC&refId=9kp5MDPSEvtdaXmLFjMJLg%3D%3D&trackingId=x6yJbayM1Nmb29OAyc8Ogg%3D%3D&trk=flagship3_search_srp_jobs,"New York, NY (Remote)"
13,Demand Generation Manager - Remote | WFH,https://www.linkedin.com/jobs/view/3696863826/?eBP=JOB_SEARCH_ORGANIC&refId=9kp5MDPSEvtdaXmLFjMJLg%3D%3D&trackingId=vgwesZJHG2woMVDrkwQHVA%3D%3D&trk=flagship3_search_srp_jobs,"San Francisco, CA (Remote)"
14,Senior Software Engineer -  Remote | WFH,https://www.linkedin.com/jobs/view/3696865416/?eBP=JOB_SEARCH_ORGANIC&refId=9kp5MDPSEvtdaXmLFjMJLg%3D%3D&trackingId=tq5dfL%2BDHdtvFXCNkZkuDA%3D%3D&trk=flagship3_search_srp_jobs,"Dallas, TX (Remote)"
15,Field Marketing Manager (Remote),https://www.linkedin.com/jobs/view/3704291621/?eBP=JOB_SEARCH_ORGANIC&refId=9kp5MDPSEvtdaXmLFjMJLg%3D%3D&trackingId=8zf64s%2FCuNX%2FFVEX1r7Usw%3D%3D&trk=flagship3_search_srp_jobs,"Dallas, TX (Remote)"
16,Marketing Analyst - Hybrid - Remote | WFH,https://www.linkedin.com/jobs/view/3696830944/?eBP=JOB_SEARCH_ORGANIC&refId=9kp5MDPSEvtdaXmLFjMJLg%3D%3D&trackingId=mT%2BuOcx3rJ31otUzsX9rIA%3D%3D&trk=flagship3_search_srp_jobs,"Peoria, IL (Remote)"
17,Sr. Salesforce&Business Systems Analyst,https://www.linkedin.com/jobs/view/3696886638/?eBP=JOB_SEARCH_ORGANIC&refId=9kp5MDPSEvtdaXmLFjMJLg%3D%3D&trackingId=x6yJbayM1Nmb29OAyc8Ogg%3D%3D&trk=flagship3_search_srp_jobs,"New York, NY (Remote)"
18,Demand Generation Manager - Remote | WFH,https://www.linkedin.com/jobs/view/3696863826/?eBP=JOB_SEARCH_ORGANIC&refId=9kp5MDPSEvtdaXmLFjMJLg%3D%3D&trackingId=vgwesZJHG2woMVDrkwQHVA%3D%3D&trk=flagship3_search_srp_jobs,"San Francisco, CA (Remote)"
19,Senior Software Engineer -  Remote | WFH,https://www.linkedin.com/jobs/view/3696865416/?eBP=JOB_SEARCH_ORGANIC&refId=9kp5MDPSEvtdaXmLFjMJLg%3D%3D&trackingId=tq5dfL%2BDHdtvFXCNkZkuDA%3D%3D&trk=flagship3_search_srp_jobs,"Dallas, TX (Remote)"
20,Field Marketing Manager (Remote),https://www.linkedin.com/jobs/view/3704291621/?eBP=JOB_SEARCH_ORGANIC&refId=9kp5MDPSEvtdaXmLFjMJLg%3D%3D&trackingId=8zf64s%2FCuNX%2FFVEX1r7Usw%3D%3D&trk=flagship3_search_srp_jobs,"Dallas, TX (Remote)"
21,Head of Sales and Marketing Operations,https://www.linkedin.com/jobs/view/3696875923/?eBP=JOB_SEARCH_ORGANIC&refId=9kp5MDPSEvtdaXmLFjMJLg%3D%3D&trackingId=kEb7wgCwBsl1XQxFgExXcQ%3D%3D&trk=flagship3_search_srp_jobs,United States (Remote)
22,Marketing Analyst - Hybrid - Remote | WFH,https://www.linkedin.com/jobs/view/3696830944/?eBP=JOB_SEARCH_ORGANIC&refId=9kp5MDPSEvtdaXmLFjMJLg%3D%3D&trackingId=mT%2BuOcx3rJ31otUzsX9rIA%3D%3D&trk=flagship3_search_srp_jobs,"Peoria, IL (Remote)"
23,Sr. Salesforce&Business Systems Analyst,https://www.linkedin.com/jobs/view/3696886638/?eBP=JOB_SEARCH_ORGANIC&refId=9kp5MDPSEvtdaXmLFjMJLg%3D%3D&trackingId=x6yJbayM1Nmb29OAyc8Ogg%3D%3D&trk=flagship3_search_srp_jobs,"New York, NY (Remote)"
24,Demand Generation Manager - Remote | WFH,https://www.linkedin.com/jobs/view/3696863826/?eBP=JOB_SEARCH_ORGANIC&refId=9kp5MDPSEvtdaXmLFjMJLg%3D%3D&trackingId=vgwesZJHG2woMVDrkwQHVA%3D%3D&trk=flagship3_search_srp_jobs,"San Francisco, CA (Remote)"
25,Senior Software Engineer -  Remote | WFH,https://www.linkedin.com/jobs/view/3696865416/?eBP=JOB_SEARCH_ORGANIC&refId=9kp5MDPSEvtdaXmLFjMJLg%3D%3D&trackingId=tq5dfL%2BDHdtvFXCNkZkuDA%3D%3D&trk=flagship3_search_srp_jobs,"Dallas, TX (Remote)"
26,Field Marketing Manager (Remote),https://www.linkedin.com/jobs/view/3704291621/?eBP=JOB_SEARCH_ORGANIC&refId=9kp5MDPSEvtdaXmLFjMJLg%3D%3D&trackingId=8zf64s%2FCuNX%2FFVEX1r7Usw%3D%3D&trk=flagship3_search_srp_jobs,"Dallas, TX (Remote)"
27,Head of Sales and Marketing Operations,https://www.linkedin.com/jobs/view/3696875923/?eBP=JOB_SEARCH_ORGANIC&refId=9kp5MDPSEvtdaXmLFjMJLg%3D%3D&trackingId=kEb7wgCwBsl1XQxFgExXcQ%3D%3D&trk=flagship3_search_srp_jobs,United States (Remote)
28,E-commerce Manager and Sales Lead,https://www.linkedin.com/jobs/view/3700252256/?eBP=JOB_SEARCH_ORGANIC&refId=9kp5MDPSEvtdaXmLFjMJLg%3D%3D&trackingId=j31cLwfzta5j4HkJSxjd8g%3D%3D&trk=flagship3_search_srp_jobs,"Long Beach, CA (Remote)"
29,Marketing Analyst - Hybrid - Remote | WFH,https://www.linkedin.com/jobs/view/3696830944/?eBP=JOB_SEARCH_ORGANIC&refId=9kp5MDPSEvtdaXmLFjMJLg%3D%3D&trackingId=mT%2BuOcx3rJ31otUzsX9rIA%3D%3D&trk=flagship3_search_srp_jobs,"Peoria, IL (Remote)"
30,Sr. Salesforce&Business Systems Analyst,https://www.linkedin.com/jobs/view/3696886638/?eBP=JOB_SEARCH_ORGANIC&refId=9kp5MDPSEvtdaXmLFjMJLg%3D%3D&trackingId=x6yJbayM1Nmb29OAyc8Ogg%3D%3D&trk=flagship3_search_srp_jobs,"New York, NY (Remote)"
31,Demand Generation Manager - Remote | WFH,https://www.linkedin.com/jobs/view/3696863826/?eBP=JOB_SEARCH_ORGANIC&refId=9kp5MDPSEvtdaXmLFjMJLg%3D%3D&trackingId=vgwesZJHG2woMVDrkwQHVA%3D%3D&trk=flagship3_search_srp_jobs,"San Francisco, CA (Remote)"
32,Senior Software Engineer -  Remote | WFH,https://www.linkedin.com/jobs/view/3696865416/?eBP=JOB_SEARCH_ORGANIC&refId=9kp5MDPSEvtdaXmLFjMJLg%3D%3D&trackingId=tq5dfL%2BDHdtvFXCNkZkuDA%3D%3D&trk=flagship3_search_srp_jobs,"Dallas, TX (Remote)"
33,Field Marketing Manager (Remote),https://www.linkedin.com/jobs/view/3704291621/?eBP=JOB_SEARCH_ORGANIC&refId=9kp5MDPSEvtdaXmLFjMJLg%3D%3D&trackingId=8zf64s%2FCuNX%2FFVEX1r7Usw%3D%3D&trk=flagship3_search_srp_jobs,"Dallas, TX (Remote)"
34,Head of Sales and Marketing Operations,https://www.linkedin.com/jobs/view/3696875923/?eBP=JOB_SEARCH_ORGANIC&refId=9kp5MDPSEvtdaXmLFjMJLg%3D%3D&trackingId=kEb7wgCwBsl1XQxFgExXcQ%3D%3D&trk=flagship3_search_srp_jobs,United States (Remote)
35,E-commerce Manager and Sales Lead,https://www.linkedin.com/jobs/view/3700252256/?eBP=JOB_SEARCH_ORGANIC&refId=9kp5MDPSEvtdaXmLFjMJLg%3D%3D&trackingId=j31cLwfzta5j4HkJSxjd8g%3D%3D&trk=flagship3_search_srp_jobs,"Long Beach, CA (Remote)"
